sex,Count,Percentage
F,6612,50.106092755380416
M,4488,34.01030615337981
Unknown,2096,15.883601091239768
